Entry_ID,State Patient Number,Date Announced,Age Bracket,Gender,,Detected District,Detected State,State Code,Num Cases,Current Status,Contracted from which Patient (Suspected),Notes,Source_1,Source_2,Source_3,Nationality,Type of transmission,Status Change Date,Patient Number
,,02/12/2021,,,,Aizawl,Mizoram,MZ,167,Recovered,,,,,,,,,
,,02/12/2021,,,,Lunglei,Mizoram,MZ,57,Recovered,,,,,,,,,
,,02/12/2021,,,,Saiha,Mizoram,MZ,2,Recovered,,,,,,,,,
,,02/12/2021,,,,Champhai,Mizoram,MZ,20,Recovered,,,,,,,,,
,,02/12/2021,,,,Kolasib,Mizoram,MZ,21,Recovered,,,,,,,,,
,,02/12/2021,,,,Serchhip,Mizoram,MZ,26,Recovered,,,,,,,,,
,,02/12/2021,,,,Lawngtlai,Mizoram,MZ,23,Recovered,,,,,,,,,
,,02/12/2021,,,,Mamit,Mizoram,MZ,19,Recovered,,,,,,,,,
,,02/12/2021,,,,Khawzawl,Mizoram,MZ,18,Recovered,,,,,,,,,
,,02/12/2021,,,,Hnahthial,Mizoram,MZ,15,Recovered,,,,,,,,,
,,02/12/2021,,,,Hnahthial,Mizoram,MZ,1,Deceased,,,,,,,,,
,,02/12/2021,,,,Aizawl,Mizoram,MZ,137,Hospitalized,,,,,,,,,
,,02/12/2021,,,,Lunglei,Mizoram,MZ,28,Hospitalized,,,,,,,,,
,,02/12/2021,,,,Saiha,Mizoram,MZ,2,Hospitalized,,,,,,,,,
,,02/12/2021,,,,Champhai,Mizoram,MZ,34,Hospitalized,,,,,,,,,
,,02/12/2021,,,,Kolasib,Mizoram,MZ,7,Hospitalized,,,,,,,,,
,,02/12/2021,,,,Serchhip,Mizoram,MZ,22,Hospitalized,,,,,,,,,
,,02/12/2021,,,,Lawngtlai,Mizoram,MZ,7,Hospitalized,,,,,,,,,
,,02/12/2021,,,,Mamit,Mizoram,MZ,13,Hospitalized,,,,,,,,,
,,02/12/2021,,,,Khawzawl,Mizoram,MZ,5,Hospitalized,,,,,,,,,
,,02/12/2021,,,,Hnahthial,Mizoram,MZ,8,Hospitalized,,,,,,,,,
,,02/12/2021,,,,Saitual,Mizoram,MZ,12,Hospitalized,,,,,,,,,
,,02/12/2021,,,,,,,,,,,,,,,,,
,,02/12/2021,,,,,,,,,,,,,,,,,
,,02/12/2021,,,,,,,,,,,,,,,,,
,,02/12/2021,,,,,,,,,,,,,,,,,
,,02/12/2021,,,,,,,,,,,,,,,,,
,,02/12/2021,,,,,,,,,,,,,,,,,
,,02/12/2021,,,,,,,,,,,,,,,,,
,,02/12/2021,,,,,,,,,,,,,,,,,
,,02/12/2021,,,,,,,,,,,,,,,,,
,,02/12/2021,,,,,,,,,,,,,,,,,
,,02/12/2021,,,,,,,,,,,,,,,,,
,,02/12/2021,,,,,,,,,,,,,,,,,
,,02/12/2021,,,,,,,,,,,,,,,,,
,,02/12/2021,,,,,,,,,,,,,,,,,
,,02/12/2021,,,,,,,,,,,,,,,,,
,,02/12/2021,,,,,,,,,,,,,,,,,
,,02/12/2021,,,,,,,,,,,,,,,,,
,,02/12/2021,,,,,,,,,,,,,,,,,
,,02/12/2021,,,,,,,,,,,,,,,,,
,,02/12/2021,,,,,,,,,,,,,,,,,
,,02/12/2021,,,,,,,,,,,,,,,,,
,,02/12/2021,,,,,,,,,,,,,,,,,
,,02/12/2021,,,,,,,,,,,,,,,,,
,,02/12/2021,,,,,,,,,,,,,,,,,
,,02/12/2021,,,,,,,,,,,,,,,,,
,,02/12/2021,,,,,,,,,,,,,,,,,
,,02/12/2021,,,,,,,,,,,,,,,,,
,,02/12/2021,,,,,,,,,,,,,,,,,
,,02/12/2021,,,,,,,,,,,,,,,,,
,,02/12/2021,,,,,,,,,,,,,,,,,
,,02/12/2021,,,,,,,,,,,,,,,,,
,,02/12/2021,,,,,,,,,,,,,,,,,
,,02/12/2021,,,,,,,,,,,,,,,,,
,,02/12/2021,,,,,,,,,,,,,,,,,
,,02/12/2021,,,,,,,,,,,,,,,,,
,,02/12/2021,,,,,,,,,,,,,,,,,
,,02/12/2021,,,,,,,,,,,,,,,,,
,,02/12/2021,,,,,,,,,,,,,,,,,
,,02/12/2021,,,,,,,,,,,,,,,,,
,,02/12/2021,,,,,,,,,,,,,,,,,
,,02/12/2021,,,,,,,,,,,,,,,,,
,,02/12/2021,,,,,,,,,,,,,,,,,
,,02/12/2021,,,,,,,,,,,,,,,,,
,,02/12/2021,,,,,,,,,,,,,,,,,
,,02/12/2021,,,,,,,,,,,,,,,,,
,,02/12/2021,,,,,,,,,,,,,,,,,
,,02/12/2021,,,,,,,,,,,,,,,,,
,,02/12/2021,,,,,,,,,,,,,,,,,
,,02/12/2021,,,,,,,,,,,,,,,,,
,,02/12/2021,,,,,,,,,,,,,,,,,
,,02/12/2021,,,,,,,,,,,,,,,,,
,,02/12/2021,,,,,,,,,,,,,,,,,
,,02/12/2021,,,,,,,,,,,,,,,,,
,,02/12/2021,,,,,,,,,,,,,,,,,
,,02/12/2021,,,,,,,,,,,,,,,,,
,,02/12/2021,,,,,,,,,,,,,,,,,
,,02/12/2021,,,,,,,,,,,,,,,,,
,,02/12/2021,,,,,,,,,,,,,,,,,
,,02/12/2021,,,,,,,,,,,,,,,,,
,,02/12/2021,,,,,,,,,,,,,,,,,
,,02/12/2021,,,,,,,,,,,,,,,,,
,,02/12/2021,,,,,,,,,,,,,,,,,
,,02/12/2021,,,,,,,,,,,,,,,,,
,,02/12/2021,,,,,,,,,,,,,,,,,
,,02/12/2021,,,,,,,,,,,,,,,,,
,,02/12/2021,,,,,,,,,,,,,,,,,
,,02/12/2021,,,,,,,,,,,,,,,,,
,,02/12/2021,,,,,,,,,,,,,,,,,
,,02/12/2021,,,,,,,,,,,,,,,,,
,,02/12/2021,,,,,,,,,,,,,,,,,
,,02/12/2021,,,,,,,,,,,,,,,,,
,,02/12/2021,,,,,,,,,,,,,,,,,
,,02/12/2021,,,,,,,,,,,,,,,,,
,,02/12/2021,,,,,,,,,,,,,,,,,
,,02/12/2021,,,,,,,,,,,,,,,,,
,,02/12/2021,,,,,,,,,,,,,,,,,
,,02/12/2021,,,,,,,,,,,,,,,,,
,,02/12/2021,,,,,,,,,,,,,,,,,
,,02/12/2021,,,,,,,,,,,,,,,,,
,,02/12/2021,,,,,,,,,,,,,,,,,
,,02/12/2021,,,,,,,,,,,,,,,,,
,,02/12/2021,,,,,,,,,,,,,,,,,
,,02/12/2021,,,,,,,,,,,,,,,,,
,,02/12/2021,,,,,,,,,,,,,,,,,
,,02/12/2021,,,,,,,,,,,,,,,,,
,,02/12/2021,,,,,,,,,,,,,,,,,
,,02/12/2021,,,,,,,,,,,,,,,,,
,,02/12/2021,,,,,,,,,,,,,,,,,
,,02/12/2021,,,,,,,,,,,,,,,,,
,,02/12/2021,,,,,,,,,,,,,,,,,
,,02/12/2021,,,,,,,,,,,,,,,,,
,,02/12/2021,,,,,,,,,,,,,,,,,
,,02/12/2021,,,,,,,,,,,,,,,,,
,,02/12/2021,,,,,,,,,,,,,,,,,
,,02/12/2021,,,,,,,,,,,,,,,,,
,,02/12/2021,,,,,,,,,,,,,,,,,
,,02/12/2021,,,,,,,,,,,,,,,,,
,,02/12/2021,,,,,,,,,,,,,,,,,
,,02/12/2021,,,,,,,,,,,,,,,,,
,,02/12/2021,,,,,,,,,,,,,,,,,
,,02/12/2021,,,,,,,,,,,,,,,,,
,,02/12/2021,,,,,,,,,,,,,,,,,
,,02/12/2021,,,,,,,,,,,,,,,,,
,,02/12/2021,,,,,,,,,,,,,,,,,
,,02/12/2021,,,,,,,,,,,,,,,,,
,,02/12/2021,,,,,,,,,,,,,,,,,
,,02/12/2021,,,,,,,,,,,,,,,,,
,,02/12/2021,,,,,,,,,,,,,,,,,
,,02/12/2021,,,,,,,,,,,,,,,,,
,,02/12/2021,,,,,,,,,,,,,,,,,
,,02/12/2021,,,,,,,,,,,,,,,,,
,,02/12/2021,,,,,,,,,,,,,,,,,
,,02/12/2021,,,,,,,,,,,,,,,,,
,,02/12/2021,,,,,,,,,,,,,,,,,
,,02/12/2021,,,,,,,,,,,,,,,,,
,,02/12/2021,,,,,,,,,,,,,,,,,
,,02/12/2021,,,,,,,,,,,,,,,,,
,,02/12/2021,,,,,,,,,,,,,,,,,
,,02/12/2021,,,,,,,,,,,,,,,,,
,,02/12/2021,,,,,,,,,,,,,,,,,
,,02/12/2021,,,,,,,,,,,,,,,,,
,,02/12/2021,,,,,,,,,,,,,,,,,
,,02/12/2021,,,,,,,,,,,,,,,,,
,,02/12/2021,,,,,,,,,,,,,,,,,
,,02/12/2021,,,,,,,,,,,,,,,,,
,,02/12/2021,,,,,,,,,,,,,,,,,
,,02/12/2021,,,,,,,,,,,,,,,,,
,,02/12/2021,,,,,,,,,,,,,,,,,
,,02/12/2021,,,,,,,,,,,,,,,,,
,,02/12/2021,,,,,,,,,,,,,,,,,
,,02/12/2021,,,,,,,,,,,,,,,,,
,,02/12/2021,,,,,,,,,,,,,,,,,
,,02/12/2021,,,,,,,,,,,,,,,,,
,,02/12/2021,,,,,,,,,,,,,,,,,
,,02/12/2021,,,,,,,,,,,,,,,,,
,,02/12/2021,,,,,,,,,,,,,,,,,
,,02/12/2021,,,,,,,,,,,,,,,,,
,,02/12/2021,,,,,,,,,,,,,,,,,
,,02/12/2021,,,,,,,,,,,,,,,,,
,,02/12/2021,,,,,,,,,,,,,,,,,
,,02/12/2021,,,,,,,,,,,,,,,,,
,,02/12/2021,,,,,,,,,,,,,,,,,
,,02/12/2021,,,,,,,,,,,,,,,,,
,,02/12/2021,,,,,,,,,,,,,,,,,
,,02/12/2021,,,,,,,,,,,,,,,,,
,,02/12/2021,,,,,,,,,,,,,,,,,
,,02/12/2021,,,,,,,,,,,,,,,,,
,,02/12/2021,,,,,,,,,,,,,,,,,
,,02/12/2021,,,,,,,,,,,,,,,,,
,,02/12/2021,,,,,,,,,,,,,,,,,
,,02/12/2021,,,,,,,,,,,,,,,,,
,,02/12/2021,,,,,,,,,,,,,,,,,
,,02/12/2021,,,,,,,,,,,,,,,,,
,,02/12/2021,,,,,,,,,,,,,,,,,
,,02/12/2021,,,,,,,,,,,,,,,,,
,,02/12/2021,,,,,,,,,,,,,,,,,
,,02/12/2021,,,,,,,,,,,,,,,,,
,,02/12/2021,,,,,,,,,,,,,,,,,
,,02/12/2021,,,,,,,,,,,,,,,,,
,,02/12/2021,,,,,,,,,,,,,,,,,
,,02/12/2021,,,,,,,,,,,,,,,,,
,,02/12/2021,,,,,,,,,,,,,,,,,
,,02/12/2021,,,,,,,,,,,,,,,,,
,,02/12/2021,,,,,,,,,,,,,,,,,
,,02/12/2021,,,,,,,,,,,,,,,,,
,,02/12/2021,,,,,,,,,,,,,,,,,
,,02/12/2021,,,,,,,,,,,,,,,,,
,,02/12/2021,,,,,,,,,,,,,,,,,
,,02/12/2021,,,,,,,,,,,,,,,,,
,,02/12/2021,,,,,,,,,,,,,,,,,
,,02/12/2021,,,,,,,,,,,,,,,,,
,,02/12/2021,,,,,,,,,,,,,,,,,
,,02/12/2021,,,,,,,,,,,,,,,,,
,,02/12/2021,,,,,,,,,,,,,,,,,
,,02/12/2021,,,,,,,,,,,,,,,,,
,,02/12/2021,,,,,,,,,,,,,,,,,
,,02/12/2021,,,,,,,,,,,,,,,,,
,,02/12/2021,,,,,,,,,,,,,,,,,
,,02/12/2021,,,,,,,,,,,,,,,,,
,,02/12/2021,,,,,,,,,,,,,,,,,
,,02/12/2021,,,,,,,,,,,,,,,,,
,,02/12/2021,,,,,,,,,,,,,,,,,
,,02/12/2021,,,,,,,,,,,,,,,,,
,,02/12/2021,,,,,,,,,,,,,,,,,
,,02/12/2021,,,,,,,,,,,,,,,,,
,,02/12/2021,,,,,,,,,,,,,,,,,
,,02/12/2021,,,,,,,,,,,,,,,,,
,,02/12/2021,,,,,,,,,,,,,,,,,
,,02/12/2021,,,,,,,,,,,,,,,,,
,,02/12/2021,,,,,,,,,,,,,,,,,
,,02/12/2021,,,,,,,,,,,,,,,,,
,,02/12/2021,,,,,,,,,,,,,,,,,
,,02/12/2021,,,,,,,,,,,,,,,,,
,,02/12/2021,,,,,,,,,,,,,,,,,
,,02/12/2021,,,,,,,,,,,,,,,,,
,,02/12/2021,,,,,,,,,,,,,,,,,
,,02/12/2021,,,,,,,,,,,,,,,,,
,,02/12/2021,,,,,,,,,,,,,,,,,
,,02/12/2021,,,,,,,,,,,,,,,,,
,,02/12/2021,,,,,,,,,,,,,,,,,
,,02/12/2021,,,,,,,,,,,,,,,,,
,,02/12/2021,,,,,,,,,,,,,,,,,
,,02/12/2021,,,,,,,,,,,,,,,,,
,,02/12/2021,,,,,,,,,,,,,,,,,
,,02/12/2021,,,,,,,,,,,,,,,,,
,,02/12/2021,,,,,,,,,,,,,,,,,
,,02/12/2021,,,,,,,,,,,,,,,,,
,,02/12/2021,,,,,,,,,,,,,,,,,
,,02/12/2021,,,,,,,,,,,,,,,,,
,,02/12/2021,,,,,,,,,,,,,,,,,
,,02/12/2021,,,,,,,,,,,,,,,,,
,,02/12/2021,,,,,,,,,,,,,,,,,
,,02/12/2021,,,,,,,,,,,,,,,,,
,,02/12/2021,,,,,,,,,,,,,,,,,
,,02/12/2021,,,,,,,,,,,,,,,,,
,,02/12/2021,,,,,,,,,,,,,,,,,
,,02/12/2021,,,,,,,,,,,,,,,,,
,,02/12/2021,,,,,,,,,,,,,,,,,
,,02/12/2021,,,,,,,,,,,,,,,,,
,,02/12/2021,,,,,,,,,,,,,,,,,
,,02/12/2021,,,,,,,,,,,,,,,,,
,,02/12/2021,,,,,,,,,,,,,,,,,
,,02/12/2021,,,,,,,,,,,,,,,,,
,,02/12/2021,,,,,,,,,,,,,,,,,
,,02/12/2021,,,,,,,,,,,,,,,,,
,,02/12/2021,,,,,,,,,,,,,,,,,
,,02/12/2021,,,,,,,,,,,,,,,,,
,,02/12/2021,,,,,,,,,,,,,,,,,
,,02/12/2021,,,,,,,,,,,,,,,,,
,,02/12/2021,,,,,,,,,,,,,,,,,
,,02/12/2021,,,,,,,,,,,,,,,,,
,,02/12/2021,,,,,,,,,,,,,,,,,
,,02/12/2021,,,,,,,,,,,,,,,,,
,,02/12/2021,,,,,,,,,,,,,,,,,
,,02/12/2021,,,,,,,,,,,,,,,,,
,,02/12/2021,,,,,,,,,,,,,,,,,
,,02/12/2021,,,,,,,,,,,,,,,,,
,,02/12/2021,,,,,,,,,,,,,,,,,
,,02/12/2021,,,,,,,,,,,,,,,,,
,,02/12/2021,,,,,,,,,,,,,,,,,
,,02/12/2021,,,,,,,,,,,,,,,,,
,,02/12/2021,,,,,,,,,,,,,,,,,
,,02/12/2021,,,,,,,,,,,,,,,,,
,,02/12/2021,,,,,,,,,,,,,,,,,
,,02/12/2021,,,,,,,,,,,,,,,,,
,,02/12/2021,,,,,,,,,,,,,,,,,
,,02/12/2021,,,,,,,,,,,,,,,,,
,,02/12/2021,,,,,,,,,,,,,,,,,
,,02/12/2021,,,,,,,,,,,,,,,,,
,,02/12/2021,,,,,,,,,,,,,,,,,
,,02/12/2021,,,,,,,,,,,,,,,,,
,,02/12/2021,,,,,,,,,,,,,,,,,
,,02/12/2021,,,,,,,,,,,,,,,,,
,,02/12/2021,,,,,,,,,,,,,,,,,
,,02/12/2021,,,,,,,,,,,,,,,,,
,,02/12/2021,,,,,,,,,,,,,,,,,
,,02/12/2021,,,,,,,,,,,,,,,,,
,,02/12/2021,,,,,,,,,,,,,,,,,
,,02/12/2021,,,,,,,,,,,,,,,,,
,,02/12/2021,,,,,,,,,,,,,,,,,
,,02/12/2021,,,,,,,,,,,,,,,,,
,,02/12/2021,,,,,,,,,,,,,,,,,
,,02/12/2021,,,,,,,,,,,,,,,,,
,,02/12/2021,,,,,,,,,,,,,,,,,
,,02/12/2021,,,,,,,,,,,,,,,,,
,,02/12/2021,,,,,,,,,,,,,,,,,
,,02/12/2021,,,,,,,,,,,,,,,,,
,,02/12/2021,,,,,,,,,,,,,,,,,
,,02/12/2021,,,,,,,,,,,,,,,,,
,,02/12/2021,,,,,,,,,,,,,,,,,
,,02/12/2021,,,,,,,,,,,,,,,,,
,,02/12/2021,,,,,,,,,,,,,,,,,
,,02/12/2021,,,,,,,,,,,,,,,,,
,,02/12/2021,,,,,,,,,,,,,,,,,
,,02/12/2021,,,,,,,,,,,,,,,,,
,,02/12/2021,,,,,,,,,,,,,,,,,
,,02/12/2021,,,,,,,,,,,,,,,,,
,,02/12/2021,,,,,,,,,,,,,,,,,
,,02/12/2021,,,,,,,,,,,,,,,,,
,,02/12/2021,,,,,,,,,,,,,,,,,
,,02/12/2021,,,,,,,,,,,,,,,,,
,,02/12/2021,,,,,,,,,,,,,,,,,
,,02/12/2021,,,,,,,,,,,,,,,,,
,,02/12/2021,,,,,,,,,,,,,,,,,
,,02/12/2021,,,,,,,,,,,,,,,,,
,,02/12/2021,,,,,,,,,,,,,,,,,
,,02/12/2021,,,,,,,,,,,,,,,,,
,,02/12/2021,,,,,,,,,,,,,,,,,
,,02/12/2021,,,,,,,,,,,,,,,,,